{"_timestamp":1.768633108781596e+09,"_step":0,"val_loss":2.083279611189154,"params":11227812,"pai_restructured":0,"val_acc":54.05,"train_acc":30.47,"epoch":1,"_wandb":{"runtime":251},"_runtime":251,"lr":0.0009972609476841367,"train_loss":3.284989047233406}